{"initial_reset_timestamp": 1651428112.8933508, "timestamps": [1651428120.3705807, 1651428120.4311028, 1651428120.4948564, 1651428187.124384, 1651428210.8899152, 1651428210.9684513, 1651428211.9141057, 1651428211.9784255, 1651428213.7182972, 1651428213.7804365, 1651428344.8803446, 1651428344.9552019, 1651428355.302385, 1651428361.1462781, 1651428361.2233183, 1651428361.2846003, 1651428361.3429399, 1651428428.146458, 1651428428.197631, 1651428428.2572272, 1651428439.1705403, 1651428445.1651254, 1651428445.2149665, 1651428445.265528, 1651428445.314167, 1651428445.3653529, 1651428445.4143665, 1651428445.4720654, 1651428445.5259902, 1651428445.5769227, 1651428445.6282697, 1651428445.6932583, 1651428448.798474, 1651428448.85978, 1651428455.6714084, 1651428455.7304814, 1651428455.77987, 1651428455.8295467, 1651428483.5425346, 1651428483.5949264, 1651428483.645196, 1651428483.704565, 1651428506.1254869, 1651428517.1682944, 1651428517.2196958, 1651428517.2972374, 1651428519.1515343, 1651428519.2000713, 1651428519.2491393, 1651428519.3245835, 1651428530.1439607, 1651428530.1941314, 1651428530.2447588, 1651428530.295333, 1651428530.3558123, 1651428530.4256399, 1651428530.4795966, 1651428530.5292883, 1651428530.5947182, 1651428530.6888554, 1651428530.7529511, 1651428530.8046973, 1651428530.8558867, 1651428530.918408, 1651428531.8704422, 1651428531.9311135, 1651428531.9810677, 1651428532.0321708, 1651428532.0831962, 1651428533.4749358, 1651428533.526018, 1651428533.5766785, 1651428533.6260078, 1651428533.6758645, 1651428533.7411537, 1651428541.8393223, 1651428541.8896596, 1651428541.9403336, 1651428541.9879801, 1651428542.0381567, 1651428542.0911226, 1651428543.529351, 1651428543.5782628, 1651428543.6417677, 1651428545.9030273, 1651428545.9548144, 1651428546.0096374, 1651428546.065588, 1651428546.120548, 1651428546.1879356, 1651428546.2583842, 1651428547.5511916, 1651428547.6119194, 1651428547.6605687, 1651428547.707514, 1651428552.531839, 1651428552.5793405, 1651428552.6270676, 1651428553.8248692, 1651428553.8729055, 1651428553.9206414, 1651428553.9699082, 1651428554.0185733, 1651428554.068197, 1651428555.9454267, 1651428555.9971561, 1651428556.0464036, 1651428556.0949218, 1651428556.1437905, 1651428556.194658, 1651428556.2463958, 1651428556.2969, 1651428556.34597, 1651428556.397511, 1651428556.4617445, 1651428558.7646112, 1651428558.8127851, 1651428558.8622417, 1651428558.9120796, 1651428558.9715703, 1651428561.4186988, 1651428561.4682395, 1651428561.5174093, 1651428561.56737, 1651428563.1331863, 1651428563.183125, 1651428563.2323282, 1651428563.281116, 1651428563.3308327, 1651428563.3812819, 1651428563.456482, 1651428567.2733538, 1651428567.3217754, 1651428567.3712106, 1651428567.4216592, 1651428567.4717097, 1651428567.534114, 1651428567.6001463, 1651428570.997158, 1651428571.0473187, 1651428572.7613935, 1651428572.8105066, 1651428572.859331, 1651428572.90899, 1651428572.9576976, 1651428573.0083976], "episode_lengths": [90, 1, 1, 2062, 717, 1, 25, 1, 55, 1, 4433, 1, 370, 203, 1, 1, 1, 2350, 1, 1, 398, 220, 1, 1, 1, 1, 1, 1, 1, 1, 1, 1, 115, 1, 254, 1, 1, 1, 991, 1, 1, 1, 818, 383, 1, 1, 63, 1, 1, 1, 382, 1, 1, 1, 1, 1, 1, 1, 1, 1, 1, 1, 1, 1, 35, 1, 1, 1, 1, 48, 1, 1, 1, 1, 1, 292, 1, 1, 1, 1, 1, 51, 1, 1, 84, 1, 1, 1, 1, 1, 1, 50, 1, 1, 1, 183, 1, 1, 47, 1, 1, 1, 1, 1, 72, 1, 1, 1, 1, 1, 1, 1, 1, 1, 1, 87, 1, 1, 1, 1, 95, 1, 1, 1, 60, 1, 1, 1, 1, 1, 1, 150, 1, 1, 1, 1, 1, 1, 132, 1, 64, 1, 1, 1, 1, 1], "episode_rewards": [123.0, -100.0, -100.0, 18538.0, 6157.0, -100.0, -3.0, -100.0, 185.0, -100.0, 37469.0, -100.0, 2542.0, 1624.0, -100.0, -100.0, -100.0, 20782.0, -100.0, -100.0, 3536.0, 1530.0, -100.0, -100.0, -100.0, -100.0, -100.0, -100.0, -100.0, -100.0, -100.0, -100.0, 626.0, -100.0, 2189.0, -100.0, -100.0, -100.0, 8870.0, -100.0, -100.0, -100.0, 6169.0, 3095.0, -100.0, -100.0, 2.0, -100.0, -100.0, -100.0, 2862.0, -100.0, -100.0, -100.0, -100.0, -100.0, -100.0, -100.0, -100.0, -100.0, -100.0, -100.0, -100.0, -100.0, 240.0, -100.0, -100.0, -100.0, -100.0, 343.0, -100.0, -100.0, -100.0, -100.0, -100.0, 1568.0, -100.0, -100.0, -100.0, -100.0, -100.0, 336.0, -100.0, -100.0, 698.0, -100.0, -100.0, -100.0, -100.0, -100.0, -100.0, 126.0, -100.0, -100.0, -100.0, 950.0, -100.0, -100.0, 360.0, -100.0, -100.0, -100.0, -100.0, -100.0, 520.0, -100.0, -100.0, -100.0, -100.0, -100.0, -100.0, -100.0, -100.0, -100.0, -100.0, 229.0, -100.0, -100.0, -100.0, -100.0, 400.0, -100.0, -100.0, -100.0, 157.0, -100.0, -100.0, -100.0, -100.0, -100.0, -100.0, 638.0, -100.0, -100.0, -100.0, -100.0, -100.0, -100.0, 889.0, -100.0, 218.0, -100.0, -100.0, -100.0, -100.0, -100.0], "episode_types": ["t", "t", "t", "t", "t", "t", "t", "t", "t", "t", "t", "t", "t", "t", "t", "t", "t", "t", "t", "t", "t", "t", "t", "t", "t", "t", "t", "t", "t", "t", "t", "t", "t", "t", "t", "t", "t", "t", "t", "t", "t", "t", "t", "t", "t", "t", "t", "t", "t", "t", "t", "t", "t", "t", "t", "t", "t", "t", "t", "t", "t", "t", "t", "t", "t", "t", "t", "t", "t", "t", "t", "t", "t", "t", "t", "t", "t", "t", "t", "t", "t", "t", "t", "t", "t", "t", "t", "t", "t", "t", "t", "t", "t", "t", "t", "t", "t", "t", "t", "t", "t", "t", "t", "t", "t", "t", "t", "t", "t", "t", "t", "t", "t", "t", "t", "t", "t", "t", "t", "t", "t", "t", "t", "t", "t", "t", "t", "t", "t", "t", "t", "t", "t", "t", "t", "t", "t", "t", "t", "t", "t", "t", "t", "t", "t", "t", "t"]}